Model,Accuracy,Macro F1,ROC-AUC
Naive Bayes,0.7569099929128278,0.6355641897691031,0.8836979608584526
SVM,0.7909284195605953,0.7232311861918509,0.8946439243044529
